{
  "tensor_file": "/home/s110/code/ttpi_new/ppo_mlp_50k_vqa_returns.npz",
  "tt_ranks": [
    1,
    2,
    4,
    8,
    16,
    32
  ],
  "analyses": {
    "q": {
      "dense_parameter_count": 8192,
      "rank_sweep": [
        {
          "tt_rank": 1,
          "relative_frobenius_error": 0.5327228105007257,
          "max_error": 49.343342778817245,
          "observed_relative_frobenius_error": 0.4340001982279153,
          "observed_max_error": 45.39208276634593,
          "observed_weighted_rmse": 21.060784460534787,
          "observed_weighted_relative_error": 0.40867621323442643,
          "parameter_count": 34,
          "compression_ratio": 240.94117647058823,
          "tt_ranks": [
            1,
            1,
            1,
            1,
            1,
            1
          ]
        },
        {
          "tt_rank": 2,
          "relative_frobenius_error": 0.36090871812368175,
          "max_error": 44.30111991229136,
          "observed_relative_frobenius_error": 0.26918273594126846,
          "observed_max_error": 39.89050497579271,
          "observed_weighted_rmse": 10.803217083165931,
          "observed_weighted_relative_error": 0.20963216524868275,
          "parameter_count": 116,
          "compression_ratio": 70.62068965517241,
          "tt_ranks": [
            1,
            2,
            2,
            2,
            2,
            1
          ]
        },
        {
          "tt_rank": 4,
          "relative_frobenius_error": 0.18512092965971302,
          "max_error": 22.099810423289547,
          "observed_relative_frobenius_error": 0.14719971741907345,
          "observed_max_error": 22.099810423289547,
          "observed_weighted_rmse": 6.8892633772083425,
          "observed_weighted_relative_error": 0.13368343777735187,
          "parameter_count": 356,
          "compression_ratio": 23.01123595505618,
          "tt_ranks": [
            1,
            4,
            4,
            4,
            2,
            1
          ]
        },
        {
          "tt_rank": 8,
          "relative_frobenius_error": 0.04364595116334359,
          "max_error": 10.319212914091445,
          "observed_relative_frobenius_error": 0.03250015682185304,
          "observed_max_error": 10.319212914091445,
          "observed_weighted_rmse": 1.5334746069356955,
          "observed_weighted_relative_error": 0.02975646973777145,
          "parameter_count": 1220,
          "compression_ratio": 6.714754098360656,
          "tt_ranks": [
            1,
            8,
            8,
            8,
            2,
            1
          ]
        },
        {
          "tt_rank": 16,
          "relative_frobenius_error": 1.2277856901316358e-15,
          "max_error": 1.4921397450962104e-13,
          "observed_relative_frobenius_error": 8.551525256132659e-16,
          "observed_max_error": 1.3500311979441904e-13,
          "observed_weighted_rmse": 3.17845074293796e-14,
          "observed_weighted_relative_error": 6.167658265579396e-16,
          "parameter_count": 3396,
          "compression_ratio": 2.4122497055359244,
          "tt_ranks": [
            1,
            8,
            16,
            16,
            2,
            1
          ]
        },
        {
          "tt_rank": 32,
          "relative_frobenius_error": 1.8013344709991756e-15,
          "max_error": 2.4868995751603507e-13,
          "observed_relative_frobenius_error": 1.3937023071580516e-15,
          "observed_max_error": 1.9895196601282805e-13,
          "observed_weighted_rmse": 6.434883008244798e-14,
          "observed_weighted_relative_error": 1.2486636598669513e-15,
          "parameter_count": 6468,
          "compression_ratio": 1.2665429808286952,
          "tt_ranks": [
            1,
            8,
            32,
            16,
            2,
            1
          ]
        }
      ],
      "knee": {
        "has_clear_knee": true,
        "suggested_rank": 16,
        "score": 0.19999999999999996,
        "metric_key": "observed_weighted_relative_error"
      }
    },
    "v": {
      "dense_parameter_count": 4096,
      "rank_sweep": [
        {
          "tt_rank": 1,
          "relative_frobenius_error": 0.7970653291065147,
          "max_error": 102.31003458880326,
          "observed_relative_frobenius_error": 0.6940700884180384,
          "observed_max_error": 102.31003458880326,
          "observed_weighted_rmse": 45.60927236390591,
          "observed_weighted_relative_error": 0.8254159478492412,
          "parameter_count": 32,
          "compression_ratio": 128.0,
          "tt_ranks": [
            1,
            1,
            1,
            1,
            1
          ]
        },
        {
          "tt_rank": 2,
          "relative_frobenius_error": 0.42119052191261847,
          "max_error": 53.31709900901229,
          "observed_relative_frobenius_error": 0.32832838760776933,
          "observed_max_error": 41.20131633579718,
          "observed_weighted_rmse": 24.881488467235894,
          "observed_weighted_relative_error": 0.45029390566064864,
          "parameter_count": 96,
          "compression_ratio": 42.666666666666664,
          "tt_ranks": [
            1,
            2,
            2,
            2,
            1
          ]
        },
        {
          "tt_rank": 4,
          "relative_frobenius_error": 0.1593728851156582,
          "max_error": 31.02866668159831,
          "observed_relative_frobenius_error": 0.1059451251014519,
          "observed_max_error": 31.02866668159831,
          "observed_weighted_rmse": 2.8301170091991255,
          "observed_weighted_relative_error": 0.051218175441032236,
          "parameter_count": 320,
          "compression_ratio": 12.8,
          "tt_ranks": [
            1,
            4,
            4,
            4,
            1
          ]
        },
        {
          "tt_rank": 8,
          "relative_frobenius_error": 9.27296444298564e-16,
          "max_error": 1.4210854715202004e-13,
          "observed_relative_frobenius_error": 5.459107162548732e-16,
          "observed_max_error": 1.4210854715202004e-13,
          "observed_weighted_rmse": 1.805036766485628e-14,
          "observed_weighted_relative_error": 3.2666737623521933e-16,
          "parameter_count": 1152,
          "compression_ratio": 3.5555555555555554,
          "tt_ranks": [
            1,
            8,
            8,
            8,
            1
          ]
        },
        {
          "tt_rank": 16,
          "relative_frobenius_error": 1.0239737023925428e-15,
          "max_error": 1.255342233071769e-13,
          "observed_relative_frobenius_error": 5.900377681096444e-16,
          "observed_max_error": 1.1368683772161603e-13,
          "observed_weighted_rmse": 3.141513462099305e-14,
          "observed_weighted_relative_error": 5.6853687366692815e-16,
          "parameter_count": 2176,
          "compression_ratio": 1.8823529411764706,
          "tt_ranks": [
            1,
            8,
            16,
            8,
            1
          ]
        },
        {
          "tt_rank": 32,
          "relative_frobenius_error": 1.072644057433559e-15,
          "max_error": 1.3389327089845358e-13,
          "observed_relative_frobenius_error": 5.572322442088576e-16,
          "observed_max_error": 1.1368683772161603e-13,
          "observed_weighted_rmse": 2.6043459560774264e-14,
          "observed_weighted_relative_error": 4.713227320776518e-16,
          "parameter_count": 4224,
          "compression_ratio": 0.9696969696969697,
          "tt_ranks": [
            1,
            8,
            32,
            8,
            1
          ]
        }
      ],
      "knee": {
        "has_clear_knee": true,
        "suggested_rank": 8,
        "score": 0.4,
        "metric_key": "observed_weighted_relative_error"
      }
    },
    "a": {
      "dense_parameter_count": 8192,
      "rank_sweep": [
        {
          "tt_rank": 1,
          "relative_frobenius_error": 0.6569287099583353,